frame,frame_total,update,physics,collision,enemy_manager,ai,render,render_tiles,render_particles,render_hazards,render_pickups,render_portals,render_enemies,render_npcs,render_player,render_companions,render_projectiles,render_hud,present,fps_instantaneous
0,44.7168,28.2388,0.0545,0.3427,0.0113,0.0,16.0344,5.2998,0.005,0.0033,0.5483,0.1088,0.0055,0.0423,0.0389,0.0417,0.0015,6.4237,0.001,22.36
1,12.6037,4.8091,0.0075,0.0614,0.0094,0.0,7.5165,5.5579,0.0034,0.0028,0.5085,0.0958,0.0039,0.0393,0.0348,0.0449,0.0011,1.069,0.0005,79.34
2,10.3471,2.8348,0.0044,0.3113,0.0095,0.0,7.2305,5.2534,0.0031,0.0022,0.4947,0.0837,0.0035,0.0358,0.035,0.0456,0.0009,1.1171,0.0006,96.65
3,10.736,3.3375,0.0036,0.867,0.0083,0.0,7.1195,5.2466,0.0031,0.0021,0.4962,0.0925,0.0037,0.0379,0.0341,0.0403,0.0011,1.0173,0.0005,93.14
4,11.1107,3.3365,0.0034,0.8442,0.0087,0.0,7.4918,5.3242,0.0041,0.0026,0.5042,0.0886,0.0036,0.0396,0.0401,0.0399,0.001,1.2849,0.0004,90.0
5,11.5106,3.8945,0.0047,0.8515,0.0087,0.0,7.2152,5.2378,0.003,0.0022,0.4975,0.0842,0.0032,0.0353,0.0325,0.0443,0.0008,1.1158,0.0004,86.88
6,10.8394,3.3012,0.0034,0.8558,0.0087,0.0,7.2587,5.3313,0.0035,0.0026,0.4914,0.0842,0.0035,0.0362,0.035,0.0382,0.0007,1.0817,0.0004,92.26
7,10.7655,3.3126,0.0042,0.8457,0.0136,0.0,7.1428,5.2218,0.0042,0.0026,0.4785,0.083,0.0032,0.0373,0.035,0.0373,0.0009,1.0909,0.0006,92.89
8,11.0439,3.2414,0.0034,0.8302,0.0066,0.0,7.5664,5.4663,0.0017,0.002,0.5291,0.2585,0.0034,0.0355,0.0314,0.0446,0.0009,1.0464,0.0004,90.55
9,10.6884,3.544,0.0037,1.0306,0.007,0.0,6.8715,5.0379,0.0017,0.0018,0.4819,0.0831,0.0033,0.031,0.0297,0.037,0.0007,1.0207,0.0004,93.56
10,10.802,3.3986,0.0048,0.887,0.0073,0.0,7.1315,5.2588,0.0022,0.0022,0.4858,0.0846,0.0035,0.0319,0.0313,0.0376,0.0011,1.0461,0.0005,92.58
11,11.6525,3.3754,0.0046,0.8618,0.0083,0.0,7.938,5.6276,0.0026,0.0025,0.7724,0.091,0.004,0.0351,0.0329,0.0455,0.001,1.0858,0.0004,85.82
12,10.8764,3.0888,0.0048,0.275,0.0067,0.0,7.4604,5.4069,0.0254,0.0025,0.4847,0.0889,0.0038,0.0345,0.0409,0.0408,0.0008,1.1843,0.0005,91.94
13,10.6198,3.224,0.0033,0.2998,0.0068,0.0,7.1116,5.1921,0.0211,0.0025,0.4946,0.0855,0.0029,0.0322,0.0296,0.0383,0.0011,1.0616,0.0005,94.16
14,11.0651,3.3267,0.0029,0.2922,0.0093,0.0,7.4201,5.3041,0.0201,0.0022,0.4885,0.0831,0.0035,0.0323,0.0299,0.0446,0.0009,1.2547,0.0004,90.37
15,10.4699,3.1265,0.0022,0.3049,0.0066,0.0,7.0889,5.1821,0.0164,0.0021,0.4725,0.081,0.0028,0.0564,0.0321,0.0486,0.0008,1.0507,0.0004,95.51
16,10.5877,3.2148,0.0032,0.2966,0.0066,0.0,7.1157,5.205,0.0194,0.0021,0.4828,0.092,0.0029,0.0317,0.03,0.0474,0.0008,1.055,0.0004,94.45
17,10.519,3.1282,0.0027,0.2901,0.0066,0.0,7.1231,5.1555,0.0163,0.0018,0.5801,0.0833,0.0028,0.03,0.0289,0.0498,0.0009,1.0328,0.0004,95.07
18,10.5956,3.1487,0.0027,0.2947,0.0066,0.0,7.1973,5.2236,0.0183,0.0025,0.5557,0.0858,0.0031,0.0327,0.0317,0.0457,0.0008,1.0475,0.0005,94.38
19,11.0849,3.2693,0.0028,0.2917,0.0068,0.0,7.5651,5.6182,0.024,0.0023,0.4924,0.0829,0.0029,0.0312,0.03,0.0455,0.0009,1.0899,0.0005,90.21
20,11.2752,3.3147,0.0029,0.3041,0.008,0.0,7.7047,5.4366,0.0206,0.0025,0.526,0.0861,0.003,0.0325,0.0337,0.0539,0.0012,1.3546,0.0005,88.69
21,10.4816,3.1211,0.0026,0.2959,0.0064,0.0,7.099,5.1525,0.0199,0.0027,0.5163,0.0873,0.0033,0.03,0.0317,0.0464,0.0009,1.0621,0.0005,95.41
22,13.2131,3.5872,0.0034,0.2944,0.0068,0.0,9.3665,6.859,0.0212,0.0024,0.6444,0.1859,0.0034,0.0766,0.0408,0.0526,0.0011,1.2988,0.0005,75.68
23,11.1911,3.67,0.004,0.3829,0.0075,0.0,7.2474,5.2545,0.0227,0.0025,0.4942,0.0846,0.0034,0.0318,0.0312,0.0538,0.001,1.1088,0.0005,89.36
24,11.5693,3.5309,0.0037,0.4904,0.0114,0.0,7.5736,5.5616,0.0221,0.0028,0.495,0.0868,0.0034,0.0331,0.0315,0.0482,0.0011,1.0464,0.0005,86.44
25,11.5659,3.897,0.0046,0.2972,0.0068,0.0,7.3063,5.249,0.0222,0.0028,0.4995,0.086,0.0037,0.0323,0.0331,0.0481,0.0009,1.1759,0.0005,86.46
26,13.0875,3.9471,0.0042,0.2983,0.009,0.0,8.7984,5.4047,0.0254,0.0027,0.8328,0.0919,0.0331,0.0394,0.0364,0.1118,0.0021,2.0023,0.0005,76.41
27,11.0732,3.3641,0.0047,0.2964,0.0081,0.0,7.4255,5.3819,0.0274,0.0026,0.5026,0.0913,0.004,0.035,0.0363,0.0567,0.0011,1.1135,0.0004,90.31
28,10.8906,3.4198,0.0046,0.3031,0.0075,0.0,7.2038,5.2733,0.0267,0.0029,0.4782,0.0878,0.0033,0.0333,0.0344,0.0521,0.0008,1.06,0.0005,91.82
29,10.8449,3.3233,0.0036,0.308,0.007,0.0,7.2562,5.2868,0.0206,0.0023,0.4905,0.0859,0.0037,0.0328,0.032,0.0565,0.0009,1.0931,0.0007,92.21
30,11.0227,3.3959,0.0037,0.2935,0.008,0.0,7.3376,5.2292,0.0249,0.0028,0.4945,0.1058,0.0034,0.0364,0.0417,0.0595,0.0011,1.1781,0.0008,90.72
31,16.7055,7.4392,0.0045,0.3048,0.0082,0.0,8.9882,6.84,0.0269,0.0031,0.507,0.0986,0.0041,0.0348,0.0348,0.0628,0.0009,1.2064,0.0009,59.86
32,16.0011,5.2934,0.0065,0.6172,0.0074,0.0,10.4387,7.4775,0.0253,0.0034,0.6984,0.1118,0.0055,0.0601,0.0491,0.0999,0.0015,1.7229,0.0006,62.5
33,15.2307,4.0388,0.005,0.3017,0.0226,0.0,8.4503,6.451,0.02,0.003,0.5074,0.0886,0.0037,0.0355,0.0347,0.0597,0.0012,1.0646,0.0005,65.66
34,12.6402,3.2501,0.0036,0.3237,0.0071,0.0,9.0985,6.9911,0.0256,0.0037,0.5035,0.0919,0.0034,0.0349,0.0366,0.0583,0.0013,1.181,0.0005,79.11
35,11.5008,3.9895,0.004,0.2981,0.0079,0.0,7.2075,5.2534,0.0138,0.0022,0.4851,0.0853,0.0028,0.0335,0.0328,0.061,0.0008,1.0818,0.0005,86.95
36,11.9973,3.5558,0.003,0.3147,0.0075,0.0,8.1712,6.0655,0.012,0.0026,0.535,0.0895,0.0038,0.0404,0.0905,0.0884,0.0011,1.0854,0.0005,83.35
37,11.0377,3.1195,0.0026,0.2883,0.0066,0.0,7.6616,5.6132,0.0069,0.0026,0.5695,0.0911,0.0034,0.0347,0.0335,0.0562,0.0012,1.1001,0.0009,90.6
38,11.3312,3.2802,0.0039,0.4101,0.0072,0.0,7.7772,5.7019,0.0028,0.0028,0.4949,0.0854,0.0034,0.0346,0.0449,0.0667,0.0016,1.1861,0.0006,88.25
39,11.1722,3.5396,0.0036,0.5571,0.0077,0.0,7.3566,5.3094,0.0031,0.0023,0.4978,0.1098,0.0032,0.0353,0.0338,0.0595,0.0009,1.1492,0.0005,89.51
40,10.7152,3.2403,0.0029,0.2954,0.0068,0.0,7.1983,5.2255,0.0025,0.0025,0.5134,0.0848,0.0035,0.0344,0.0331,0.057,0.001,1.0981,0.0005,93.33
41,10.766,3.236,0.0029,0.2958,0.0071,0.0,7.2699,5.3003,0.0023,0.0023,0.5473,0.0847,0.0031,0.0312,0.0303,0.062,0.0008,1.0564,0.0005,92.89
42,10.8542,3.3339,0.0028,0.2957,0.0075,0.0,7.2239,5.2338,0.0018,0.002,0.538,0.0893,0.0033,0.0326,0.0332,0.0578,0.0009,1.0866,0.0006,92.13
43,11.1439,3.2155,0.0034,0.2944,0.0068,0.0,7.6507,5.5428,0.0025,0.0022,0.637,0.0898,0.0031,0.032,0.0329,0.0579,0.0007,1.0879,0.0004,89.74
44,11.0461,3.3569,0.0028,0.2957,0.0068,0.0,7.4052,5.3967,0.002,0.0023,0.5663,0.0893,0.0042,0.0348,0.035,0.0603,0.0009,1.066,0.0007,90.53
45,22.411,14.7494,0.0038,0.3033,0.0071,0.0,7.3963,5.4984,0.0031,0.0025,0.5036,0.0862,0.0038,0.0321,0.0313,0.0643,0.001,1.0211,0.0005,44.62
46,10.4385,3.1269,0.0032,0.2934,0.007,0.0,7.0642,5.1922,0.0018,0.0023,0.4791,0.0836,0.0027,0.0319,0.029,0.0643,0.0008,1.0278,0.0004,95.8
47,12.3403,3.8475,0.0037,0.3021,0.0074,0.0,8.2138,5.9625,0.003,0.0034,0.6759,0.0911,0.0035,0.0345,0.0334,0.0668,0.0011,1.1812,0.0007,81.04
48,11.6858,3.5675,0.003,0.3093,0.0074,0.0,7.7894,5.1653,0.0021,0.0036,0.4903,0.0896,0.0035,0.0342,0.0353,0.0724,0.0011,1.7329,0.0009,85.57
49,11.5987,3.557,0.0033,0.3286,0.0134,0.0,7.6346,5.6862,0.0024,0.0025,0.5007,0.0854,0.0033,0.0328,0.0324,0.07,0.0012,1.0466,0.0004,86.22
50,10.9481,3.5119,0.003,0.3001,0.0074,0.0,7.152,5.2537,0.0027,0.0026,0.4938,0.0852,0.0032,0.0331,0.0322,0.06,0.0008,1.0384,0.0004,91.34
51,13.5669,3.2602,0.0029,0.2931,0.0076,0.0,10.0283,7.9278,0.0028,0.0026,0.4953,0.0876,0.0037,0.034,0.0342,0.0621,0.001,1.2231,0.0006,73.71
52,11.1575,3.3006,0.0042,0.2963,0.0073,0.0,7.5906,5.537,0.0023,0.0027,0.5371,0.0866,0.0033,0.0326,0.0331,0.0595,0.0008,1.1412,0.0004,89.63
53,11.0569,3.4705,0.0035,0.5249,0.0079,0.0,7.3023,5.3479,0.0024,0.0025,0.4971,0.0865,0.0029,0.0331,0.0322,0.0647,0.0011,1.0742,0.0005,90.44
54,11.6142,3.9146,0.0034,0.3404,0.0073,0.0,7.4226,5.2226,0.0025,0.0022,0.5012,0.0833,0.0031,0.0326,0.0322,0.1581,0.0022,1.2266,0.0005,86.1
55,11.5434,3.4722,0.0029,0.2938,0.0069,0.0,7.8086,5.3656,0.0026,0.0027,0.7965,0.0899,0.0035,0.0339,0.0342,0.0611,0.0008,1.2493,0.0005,86.63
56,10.7767,3.3082,0.0025,0.2884,0.0101,0.0,7.1741,5.2148,0.0019,0.0024,0.577,0.084,0.0033,0.031,0.0326,0.0617,0.0007,1.0163,0.0005,92.79
57,10.9598,3.4867,0.002,0.4259,0.0094,0.0,7.1991,5.2973,0.0021,0.002,0.5029,0.0832,0.0032,0.0318,0.031,0.0589,0.001,1.0398,0.0004,91.24
58,11.0317,3.207,0.0032,0.3066,0.0071,0.0,7.5498,5.4106,0.0024,0.0077,0.539,0.086,0.0035,0.034,0.0323,0.0605,0.0008,1.2227,0.0006,90.65
59,10.7199,3.2198,0.0028,0.2976,0.0069,0.0,7.2195,5.2651,0.002,0.002,0.4895,0.0857,0.003,0.0309,0.0319,0.0648,0.0012,1.0991,0.0006,93.28
60,10.4381,3.175,0.002,0.3018,0.0069,0.0,7.0062,5.1578,0.002,0.002,0.4804,0.0839,0.0028,0.0301,0.03,0.0579,0.0008,1.0192,0.0003,95.8
61,10.5533,3.2044,0.0025,0.4398,0.0074,0.0,7.0955,5.1684,0.0023,0.0025,0.5023,0.0864,0.0032,0.0329,0.0319,0.0655,0.0011,1.0487,0.0006,94.76
62,10.6889,3.396,0.0034,0.2938,0.0063,0.0,7.0059,5.1099,0.0023,0.0019,0.4873,0.0833,0.0023,0.0306,0.0323,0.0596,0.0007,1.0492,0.0005,93.55
63,10.9628,3.3353,0.0031,0.2988,0.0067,0.0,7.3459,5.3744,0.0027,0.0026,0.5015,0.0947,0.0034,0.0338,0.0342,0.0612,0.0009,1.0871,0.0008,91.22
64,10.8586,3.3004,0.003,0.295,0.0071,0.0,7.2884,5.3854,0.0021,0.0024,0.5091,0.0852,0.0032,0.0334,0.0315,0.059,0.001,1.0299,0.0006,92.09
65,10.8656,3.3646,0.0033,0.2936,0.0072,0.0,7.2366,5.3333,0.0027,0.0024,0.4882,0.0848,0.003,0.0315,0.0315,0.0648,0.0009,1.0473,0.0004,92.03
66,10.8047,3.2875,0.0024,0.293,0.0079,0.0,7.2403,5.2185,0.002,0.0024,0.4947,0.0846,0.0034,0.0313,0.0314,0.0589,0.0009,1.16,0.0005,92.55
67,10.7164,3.1932,0.0033,0.2965,0.0075,0.0,7.2544,5.2221,0.0025,0.0024,0.5812,0.0905,0.0038,0.0338,0.0345,0.0599,0.001,1.0687,0.0005,93.31
68,10.8947,3.364,0.0037,0.2954,0.0072,0.0,7.2591,5.2183,0.0024,0.0025,0.532,0.0875,0.0035,0.0313,0.0324,0.0644,0.0009,1.13,0.0005,91.79
69,11.3114,3.3019,0.0035,0.3102,0.0074,0.0,7.7321,5.2086,0.0026,0.003,0.8,0.1061,0.0039,0.0369,0.0341,0.0768,0.0011,1.2693,0.0005,88.41
70,10.8335,3.1286,0.0028,0.2922,0.0068,0.0,7.4386,5.5225,0.0028,0.0025,0.5068,0.0868,0.0032,0.0323,0.0318,0.0569,0.001,1.0388,0.0005,92.31
71,11.0751,3.3127,0.0036,0.2982,0.0072,0.0,7.4607,5.4369,0.0034,0.0023,0.5103,0.0887,0.0042,0.0361,0.0368,0.0661,0.0013,1.124,0.0005,90.29
72,10.8564,3.2905,0.0028,0.2999,0.007,0.0,7.244,5.254,0.0024,0.0023,0.5481,0.0856,0.0032,0.033,0.0321,0.0588,0.0009,1.0307,0.0005,92.11
73,10.6368,3.3846,0.0039,0.2979,0.0069,0.0,6.9896,5.0943,0.0021,0.0019,0.4927,0.0824,0.0024,0.0301,0.0301,0.055,0.0009,1.0494,0.0006,94.01
74,11.2602,3.5472,0.0027,0.2889,0.0072,0.0,7.4452,5.4012,0.0023,0.0023,0.5492,0.0872,0.0035,0.0328,0.0319,0.0625,0.0009,1.1224,0.0004,88.81
75,12.4023,4.0039,0.0044,0.2985,0.0082,0.0,8.1019,5.9488,0.0027,0.0033,0.6312,0.0928,0.0039,0.0354,0.0363,0.0664,0.0011,1.1144,0.0005,80.63
76,10.9925,3.3269,0.0043,0.3059,0.0079,0.0,7.3538,5.3648,0.0026,0.003,0.496,0.0859,0.0035,0.0333,0.0328,0.0626,0.0012,1.1156,0.0005,90.97
77,11.0396,3.4588,0.004,0.2994,0.0072,0.0,7.2981,5.3513,0.0024,0.0025,0.4968,0.0842,0.0029,0.0324,0.0325,0.0626,0.001,1.0684,0.0006,90.58
78,10.5923,3.2379,0.0027,0.2893,0.0069,0.0,7.0763,5.1159,0.0023,0.0023,0.4891,0.0842,0.0028,0.0316,0.031,0.0591,0.0009,1.1121,0.0005,94.41
79,10.7846,3.3108,0.0029,0.3459,0.0066,0.0,7.2069,5.2086,0.0028,0.0022,0.5095,0.0844,0.0033,0.0661,0.037,0.0749,0.0015,1.0671,0.0005,92.72
80,11.7058,3.3461,0.0031,0.3957,0.0071,0.0,8.093,5.5471,0.0027,0.0028,0.7639,0.1068,0.0043,0.0424,0.0404,0.0921,0.0009,1.3328,0.0004,85.43
81,10.7716,3.2314,0.0034,0.2907,0.0071,0.0,7.2502,5.1462,0.0018,0.0021,0.4911,0.0841,0.003,0.0337,0.0324,0.0585,0.0008,1.2435,0.0005,92.84
82,13.6376,3.1184,0.0024,0.2912,0.0082,0.0,10.2519,7.9982,0.0032,0.0038,0.7081,0.0886,0.0032,0.0323,0.0343,0.06,0.0009,1.1663,0.0006,73.33
83,11.4099,3.4105,0.004,0.2993,0.0072,0.0,7.736,5.7605,0.0027,0.0025,0.5026,0.0998,0.0035,0.034,0.0344,0.0667,0.0013,1.0788,0.0004,87.64
84,11.6048,3.5223,0.0036,0.2992,0.0076,0.0,7.8078,5.8795,0.0026,0.0026,0.4907,0.0839,0.0032,0.0323,0.0324,0.0603,0.0008,1.0657,0.0005,86.17
85,11.3758,3.5691,0.0027,0.3024,0.0067,0.0,7.551,5.4398,0.0027,0.0023,0.5033,0.0933,0.0031,0.0349,0.034,0.0594,0.0008,1.2279,0.0006,87.91
86,12.085,3.2503,0.0033,0.2918,0.0074,0.0,8.5599,6.3267,0.0036,0.0033,0.6288,0.1051,0.0041,0.0366,0.0384,0.073,0.0011,1.1817,0.0007,82.75
87,11.1701,3.244,0.0029,0.2912,0.0067,0.0,7.6158,5.5447,0.0023,0.0024,0.5109,0.0877,0.0041,0.037,0.0337,0.059,0.0011,1.1054,0.0003,89.52
88,11.1253,3.5707,0.0042,0.2964,0.0075,0.0,7.2691,5.307,0.0025,0.0022,0.5065,0.0873,0.003,0.0328,0.0324,0.0555,0.001,1.0922,0.0007,89.89
89,12.6568,3.8622,0.0034,0.3174,0.0078,0.0,8.5117,6.5537,0.0027,0.003,0.5067,0.086,0.0032,0.0335,0.0356,0.0592,0.0008,1.0755,0.0005,79.01
90,11.5585,3.2803,0.0038,0.2949,0.008,0.0,7.8363,5.6511,0.0024,0.0024,0.4901,0.0853,0.0031,0.0328,0.0333,0.0606,0.0009,1.3072,0.0005,86.52
91,12.5021,4.1563,0.0042,0.4106,0.0105,0.0,8.0039,5.5692,0.0027,0.0031,0.5032,0.091,0.0035,0.0357,0.0361,0.0618,0.0177,1.4993,0.0006,79.99
92,10.9895,3.2048,0.0038,0.3024,0.0082,0.0,7.5024,5.3802,0.0029,0.0024,0.5072,0.0892,0.0032,0.0365,0.0358,0.1521,0.0019,1.1235,0.0007,91.0
93,11.905,3.5631,0.0042,0.3056,0.0084,0.0,8.0509,5.5482,0.003,0.0024,0.5052,0.0892,0.0031,0.0333,0.0351,0.0612,0.0009,1.6045,0.0006,84.0
94,12.1554,3.8404,0.005,0.2994,0.0073,0.0,8.0348,5.5097,0.003,0.0029,0.8453,0.1208,0.0043,0.0464,0.0408,0.0622,0.001,1.2413,0.0005,82.27
95,11.5654,3.4204,0.0035,0.296,0.0072,0.0,7.8638,5.7173,0.0027,0.0029,0.5072,0.1824,0.0047,0.0432,0.0374,0.0721,0.0012,1.1286,0.0004,86.46
96,12.3348,3.5052,0.0041,0.3984,0.01,0.0,8.4782,6.3789,0.0024,0.0028,0.5137,0.1007,0.0032,0.0349,0.0349,0.0656,0.0008,1.1095,0.0005,81.07
97,11.5841,3.3534,0.0043,0.3041,0.0083,0.0,7.9244,5.6232,0.0032,0.003,0.5168,0.0915,0.0035,0.0355,0.0359,0.0599,0.0012,1.3785,0.0008,86.33
98,12.5939,3.655,0.0053,0.3466,0.0078,0.0,8.6332,6.0465,0.0025,0.0027,0.8279,0.1204,0.0042,0.0493,0.047,0.0914,0.0013,1.2421,0.0005,79.4
99,11.7362,4.0611,0.0042,0.351,0.0072,0.0,7.4054,5.4004,0.0025,0.0027,0.5462,0.0865,0.0032,0.0592,0.0349,0.062,0.0013,1.054,0.0004,85.21
100,11.1718,3.4974,0.0036,0.2961,0.0139,0.0,7.2442,5.248,0.003,0.0031,0.5743,0.0872,0.0032,0.0326,0.0328,0.0574,0.0009,1.0353,0.0004,89.51
101,11.0787,3.3406,0.0045,0.2987,0.0079,0.0,7.4593,5.3284,0.0027,0.0025,0.514,0.0842,0.0035,0.0326,0.0333,0.0639,0.001,1.2365,0.0007,90.26
102,11.2853,3.5973,0.0043,0.3273,0.0071,0.0,7.4088,5.4252,0.0026,0.0025,0.5406,0.0898,0.0038,0.0354,0.0416,0.0629,0.0009,1.0543,0.0005,88.61
103,11.3724,3.773,0.0039,0.5072,0.0075,0.0,7.2303,5.2052,0.0022,0.0026,0.496,0.0876,0.0029,0.0328,0.0328,0.0568,0.0009,1.0908,0.0005,87.93
104,10.7965,3.3962,0.0042,0.3032,0.0073,0.0,7.1348,5.2206,0.0023,0.0027,0.4995,0.0844,0.0033,0.0323,0.032,0.0635,0.0007,1.0447,0.0004,92.62
105,11.4145,3.6225,0.0025,0.3129,0.0067,0.0,7.5165,5.4741,0.0025,0.0027,0.5326,0.0864,0.0031,0.0331,0.0321,0.0653,0.0008,1.1374,0.0006,87.61
106,10.5171,3.1074,0.0027,0.2936,0.0076,0.0,7.1503,5.1242,0.0022,0.0027,0.5052,0.0882,0.0036,0.0339,0.0329,0.0592,0.0009,1.1492,0.0007,95.08
107,10.601,3.2226,0.003,0.2948,0.0075,0.0,7.1094,5.2084,0.002,0.0022,0.4957,0.095,0.0036,0.032,0.0317,0.0593,0.0009,1.0335,0.0006,94.33
108,10.7397,3.4716,0.003,0.2918,0.0072,0.0,6.9989,5.0969,0.0019,0.0019,0.5019,0.0929,0.0029,0.034,0.0316,0.0603,0.0007,1.0307,0.0005,93.11
109,11.1579,3.2668,0.0034,0.2992,0.0076,0.0,7.5952,5.3529,0.0024,0.0026,0.547,0.0895,0.0046,0.0354,0.0356,0.0615,0.0011,1.2987,0.0008,89.62
110,11.0921,3.4872,0.0037,0.3018,0.0079,0.0,7.3283,5.3146,0.0023,0.0026,0.5058,0.0846,0.0033,0.0335,0.0332,0.0655,0.0007,1.1277,0.0005,90.15
111,11.4206,3.4524,0.0031,0.3087,0.0072,0.0,7.6852,5.5846,0.0024,0.0025,0.4993,0.0898,0.004,0.0364,0.0354,0.0612,0.001,1.2139,0.0007,87.56
112,22.4391,15.1218,0.0041,0.3038,0.0068,0.0,7.0459,5.088,0.003,0.0027,0.4991,0.0882,0.0033,0.036,0.0343,0.0585,0.0008,1.0831,0.0004,44.57
113,11.602,3.9582,0.0035,0.2951,0.0071,0.0,7.3883,5.4415,0.0026,0.0024,0.5136,0.0866,0.0031,0.0335,0.0324,0.0665,0.001,1.0563,0.0006,86.19
114,12.8181,3.3813,0.0036,0.3451,0.0074,0.0,9.1134,6.4313,0.0122,0.0033,1.0165,0.0963,0.0034,0.0346,0.0327,0.0615,0.0014,1.2619,0.0006,78.01
115,14.2295,4.423,0.005,0.5068,0.0103,0.0,9.3305,6.4961,0.0031,0.0027,0.5258,0.0846,0.0032,0.0772,0.0713,0.1116,0.0016,1.6477,0.0005,70.28
116,13.4598,4.2855,0.0036,0.4559,0.0103,0.0,8.6785,5.9575,0.0032,0.0031,0.6741,0.1111,0.0043,0.0455,0.042,0.0987,0.0013,1.4879,0.0006,74.3
117,13.3913,4.5399,0.0044,0.309,0.0081,0.0,8.5524,6.3843,0.0027,0.0038,0.5144,0.0865,0.0034,0.0351,0.0323,0.0624,0.0013,1.2637,0.0005,74.68
118,11.2124,3.315,0.0036,0.3297,0.0076,0.0,7.6246,5.6467,0.0023,0.0024,0.5124,0.0859,0.0036,0.034,0.0326,0.0619,0.0011,1.0925,0.0007,89.19
119,13.2459,3.9621,0.0038,0.3003,0.0069,0.0,8.9822,5.8378,0.0029,0.0032,0.516,0.0915,0.0033,0.0767,0.0443,0.1557,0.0025,2.005,0.0008,75.5
